[
  {
    "posicion": 2,
    "nombre": "Carlos",
    "mensaje": "¡Apoyando a Mastertrading FX!",
    "imagen": "https://i.imgur.com/mR3B07x.png",
    "link": "https://youtube.com/channel/UCXOfm1koZDLA5vXTAwZ55Bw"
  },
  {
    "posicion": 18,
    "nombre": "Lina",
    "mensaje": "Gracias por su contenido 🙌",
    "imagen": "https://i.imgur.com/mR3B07x.png",
    "link": "https://youtube.com/channel/UCXOfm1koZDLA5vXTAwZ55Bw"
  },
  {
    "posicion": 54,
    "nombre": "Daniel",
    "mensaje": "¡Vamos con todo!",
    "imagen": "https://i.imgur.com/mR3B07x.png",
    "link": "https://youtube.com/channel/UCXOfm1koZDLA5vXTAwZ55Bw"
  },
  {
    "posicion": 88,
    "nombre": "Laura",
    "mensaje": "Yo dejé mi huella 🔥",
    "imagen": "https://i.imgur.com/mR3B07x.png",
    "link": "https://youtube.com/channel/UCXOfm1koZDLA5vXTAwZ55Bw"
  },
  {
    "posicion": 100,
    "nombre": "Tú puedes ser el siguiente",
    "mensaje": "¡Reserva tu lugar!",
    "imagen": "https://i.imgur.com/mR3B07x.png",
    "link": "https://youtube.com/channel/UCXOfm1koZDLA5vXTAwZ55Bw"
  }
]